{
  "model_type": "pairwise_linear_v2",
  "feature_names": [
    "v1_score",
    "fit_score",
    "fake_risk",
    "title",
    "years",
    "retrieval",
    "ranking",
    "evaluation",
    "production",
    "relevance_system",
    "shipper",
    "llm",
    "skills",
    "company",
    "location",
    "behavior",
    "education",
    "raw_years_ideal",
    "raw_years_senior_band",
    "response_rate",
    "notice_fast",
    "open_to_work",
    "india_or_relocate",
    "target_city",
    "verified_strength",
    "github_strength",
    "top_rank_signal",
    "career_depth_signal",
    "availability_signal",
    "risk_safe"
  ],
  "means": [
    0.31618747352927334,
    0.5438542128083506,
    0.19066433566433566,
    0.569735576923077,
    0.8525961538461538,
    0.44942908653846153,
    0.3596754807692308,
    0.24005408653846153,
    0.5554086538461539,
    0.07701322115384615,
    0.2552884615384615,
    0.5408954326923077,
    0.631729637701065,
    0.780625,
    0.7763942307692309,
    0.5656678848716024,
    0.7824278846153846,
    0.6513461538461538,
    0.6899038461538461,
    0.5637980769230769,
    0.4804258241758242,
    0.5649038461538461,
    0.9110576923076923,
    0.3629807692307692,
    0.7019230769230769,
    0.29993509615384617,
    0.36942578125000003,
    0.3162364783653846,
    0.552261316036553,
    0.8093356643356643
  ],
  "scales": [
    0.46145792588329326,
    0.2206292294059196,
    0.3589173416673298,
    0.3383929459218486,
    0.27472621053412044,
    0.3694562846852065,
    0.39824149572594525,
    0.33517362404063206,
    0.33386920058338393,
    0.17514182218443916,
    0.2905031915314199,
    0.28727801924219093,
    0.3510050793457312,
    0.2660403991697212,
    0.19739768129869356,
    0.1554944483487048,
    0.20418722458564023,
    0.30158892582042,
    0.4625327331292093,
    0.22312250342527826,
    0.3019258813451533,
    0.49576959442309276,
    0.28466045316249067,
    0.48085936655056255,
    0.27412747841965895,
    0.29380148995372574,
    0.25911891699357054,
    0.2530039455706508,
    0.18977445932119735,
    0.3589173416673298
  ],
  "weights": [
    0.9789928348679701,
    0.476342243779573,
    -1.4665994100074013,
    0.7897141395550847,
    0.45845555935731896,
    -0.032185228859996126,
    0.5283087557460334,
    0.30706421706127374,
    0.2707158630894181,
    0.14590799255798692,
    0.22999005516266158,
    -0.3219009912920496,
    0.2618975227711551,
    -0.17321506283882063,
    0.11315462069220526,
    0.25085426355982793,
    0.19498696157562434,
    0.018728033137239936,
    1.2360561031799269,
    0.16440211197277313,
    0.02222393059853817,
    -0.034198067416071946,
    0.25463319408251217,
    -0.041349924132919796,
    0.03554824210078719,
    0.2058652902717185,
    0.5884834179987256,
    0.26486286697455436,
    0.11797507146978631,
    1.4665994100074005
  ],
  "intercept": 0.0,
  "blend_v1": 0.2,
  "label_count": 520,
  "label_values": [
    0.0,
    1.0,
    2.0,
    3.0,
    4.0,
    5.0
  ],
  "metrics": {
    "label_count": 520,
    "train_count": 416,
    "validation_count": 104,
    "label_values": [
      0.0,
      1.0,
      2.0,
      3.0,
      4.0,
      5.0
    ],
    "train": {
      "ndcg@10": 0.8327073045063836,
      "ndcg@50": 0.9386966871772027,
      "map_label>=3": 0.9798575816891663,
      "p@10_label>=3": 1.0,
      "pair_accuracy": 0.9784829190462699
    },
    "validation": {
      "ndcg@10": 0.9038620993892456,
      "ndcg@50": 0.9675771286770083,
      "map_label>=3": 0.975553980333392,
      "p@10_label>=3": 1.0,
      "pair_accuracy": 0.9606714628297363
    },
    "all_labeled": {
      "ndcg@10": 0.8803751872682001,
      "ndcg@50": 0.9455976589623554,
      "map_label>=3": 0.9757812027841616,
      "p@10_label>=3": 1.0,
      "pair_accuracy": 0.9740140717333817
    },
    "feature_names": [
      "v1_score",
      "fit_score",
      "fake_risk",
      "title",
      "years",
      "retrieval",
      "ranking",
      "evaluation",
      "production",
      "relevance_system",
      "shipper",
      "llm",
      "skills",
      "company",
      "location",
      "behavior",
      "education",
      "raw_years_ideal",
      "raw_years_senior_band",
      "response_rate",
      "notice_fast",
      "open_to_work",
      "india_or_relocate",
      "target_city",
      "verified_strength",
      "github_strength",
      "top_rank_signal",
      "career_depth_signal",
      "availability_signal",
      "risk_safe"
    ]
  }
}